Designator,Mid X,Mid Y,Layer,Rotation
D17   ,86.59,-41.31,T,180
D18    ,90.6,-41.31,T,180
D19       ,94.6,-41.31,T,180
D20     ,98.59,-41.31,T,180
D26      ,102.59,-41.31,T,180
D27  ,106.6,-41.3,T,180
D28      ,110.58,-41.3,T,180
D29       ,114.57,-41.3,T,180
D30     ,118.57,-41.3,T,180
D31       ,122.6,-41.31,T,180
D32      ,126.55,-41.3,T,180
D33      ,130.58,-41.31,T,180
D34      ,134.59,-41.3,T,180
D35      ,138.58,-41.3,T,180
D36     ,138.58,-45.32,T,0
D37     ,134.59,-45.35,T,0
D38      ,130.58,-45.36,T,0
D39      ,126.5,-45.35,T,0
D40      ,122.6,-45.36,T,0
D41       ,118.57,-45.35,T,0
D42      ,114.57,-45.35,T,0
D43       ,110.58,-45.23,T,0
D44       ,106.6,-45.25,T,0
D45     ,102.59,-45.29,T,0
D46    ,98.59,-45.36,T,0
D47       ,94.6,45.36,T,0
D48     ,90.6,-45.36,T,0
D49   ,86.58,-45.4,T,0
D50      ,86.58,-49.36,T,180
D51     ,90.6,-49.36,T,180
D52     ,94.6,-49.36,T,180
D53      ,98.59,-49.36,T,180
D54       ,102.59,-49.24,T,180
D55       ,106.6,-49.2,T,180
D56       ,110.58,-49.18,T,180
D57      ,114.57,-49.3,T,180
D58      ,118.62,-49.33,T,180
D59      ,122.65,-49.31,T,180
D60     ,126.5,-49.3,T,180
D61       ,130.58,-49.31,T,180
D62      ,134.59,-49.28,T,180
D63     ,138.58,-49.28,T,180
D64     ,138.58,-53.15,T,0
D65     ,134.59,-53.15,T,0
D66    ,130.58,-53.16,T,0
D67       ,126.5,-53.15,T,0
D68     ,122.65,-53.16,T,0
D69      ,118.62,-53.13,T,0
D70     ,114.57,-53.15,T,0
D71       ,110.58,-53.05,T,0
D72      ,106.6,-53.05,T,0
D73      ,102.59,-53.06,T,0
D74     ,98.59,-53.16,T,0
D75     ,94.6,-53.19,T,0
D76     ,90.6,-53.21,T,0
D77      ,86.59,-53.21,T,0
D78      ,86.59,-57.19,T,180
D79       ,90.6,-57.19,T,180
D80    ,94.6,-57.21,T,180
D81      ,98.59,-57.21,T,180
D82     ,102.59,-57.11,T,180
D83      ,106.6,-57.1,T,180
D84       ,110.58,-57.1,T,180
D85      ,114.57,-57.2,T,180
D86     ,118.62,-57.2,T,180
D87       ,122.65,-57.21,T,180
D88      ,126.5,-57.2,T,180
D89     ,130.58,-57.19,T,180
D90     ,134.59,-57.15,T,180
D91       ,138.58,-57.1,T,180
D92     ,138.57,-60.77,T,0
D93      ,134.59,-60.78,T,0
D94       ,130.58,-60.79,T,0
D95      ,126.51,-60.79,T,0
D96      ,122.64,-60.77,T,0
D97       ,118.62,-60.78,T,0
D98      ,114.57,-60.77,T,0
D99   ,110.63,-60.78,T,0
D100      ,106.6,-60.78,T,0
D101      ,102.62,-60.81,T,0
D102    ,98.74,-60.86,T,0
D103     ,94.75,-60.84,T,0
D104    ,90.6,-60.86,T,0
D105    ,86.59,-60.86,T,0
D106      ,86.59,-64.61,T,0
D107      ,90.6,-64.61,T,180
D108      ,94.6,-64.61,T,180
D109      ,98.59,-64.61,T,180
D110     ,102.62,-64.59,T,180
D111     ,106.6,-64.59,T,180
D112      ,110.63,-64.58,T,180
D113    ,114.62,-64.68,T,180
D114      ,118.52,-64.7,T,180
D115     ,122.63,-64.71,T,180
D116      ,126.88,-64.68,T,180
D117   ,130.96,-64.71,T,180
D118    ,134.95,-64.64,T,180
D119      ,102.63,-92.11,T,0
D120   ,138.94,-64.61,T,180
D121     ,106.6,-92.14,T,0
D122    ,138.96,-68.58,T,0
D123  ,110.63,-92.11,T,0
D124      ,134.97,-68.61,T,0
D125      ,114.57,-92.21,T,0
D126     ,130.96,-68.61,T,0
D127      ,118.52,-92.21,T,0
D128      ,126.88,-68.6,T,0
D129      ,122.63,-92.23,T,0
D130    ,122.63,-68.59,T,0
D131    ,126.89,-92.2,T,0
D132      ,118.52,-68.55,T,0
D133,130.96,-92.2,T,0
D134     ,114.62,-68.55,T,0
D135      ,134.96,-92.2,T,0
D136  ,110.63,-68.43,T,0
D137    ,138.95,-92.22,T,0
D138   ,106.6,-68.42,T,0
D139      ,138.95,-88.37,T,180
D140      ,102.64,-68.45,T,0
D141      ,134.96,-88.35,T,180
D142     ,98.59,-68.49,T,0
D143      ,130.96,-88.35,T,180
D144    ,94.6,-68.49,T,0
D145      ,126.89,-88.35,T,180
D146      ,90.6,-68.46,T,0
D147    ,122.63,-88.34,T,180
D148    ,86.59,-68.46,T,0
D149      ,118.52,-88.36,T,180
D150     ,86.59,-72.41,T,180
D151      ,114.57,-88.36,T,180
D152      ,90.6,-72.41,T,180
D153      ,110.63,-88.26,T,180
D154    ,94.6,-72.41,T,180
D155      ,106.6,-88.29,T,180
D156      ,98.59,-72.41,T,180
D157      ,102.63,-88.29,T,180
D158      ,102.63,-72.41,T,180
D159      ,98.59,-88.36,T,180
D160      ,106.6,-72.44,T,180
D161     ,94.6,-88.36,T,180
D162     ,110.63,-72.43,T,180
D163     ,90.6,-88.39,T,180
D164      ,114.57,-72.53,T,180
D165      ,86.59,-88.41,T,180
D166      ,118.52,-72.53,T,180
D167      ,86.58,-84.41,T,0
D168      ,122.63,-72.54,T,180
D169     ,90.6,-84.41,T,0
D170      ,126.88,-72.54,T,180
D171      ,94.6,-84.41,T,0
D172     ,130.95,-72.52,T,180
D173     ,98.59,-84.41,T,0
D174    ,134.96,-72.5,T,180
D175      ,102.63,-84.36,T,0
D176    ,138.94,-72.48,T,180
D177      ,106.6,-84.39,T,0
D178    ,138.95,-76.31,T,0
D179      ,110.63,-84.39,T,0
D180      ,134.96,-76.34,T,0
D181    ,114.62,-84.51,T,0
D182    ,130.97,-76.34,T,0
D183      ,118.52,-84.49,T,0
D184     ,126.89,-76.34,T,0
D185    ,122.63,-84.49,T,0
D186     ,122.63,-76.34,T,0
D187  ,126.89,-84.5,T,0
D188    ,118.52,-76.33,T,0
D189     ,130.96,-84.5,T,0
D190      ,114.57,-76.38,T,0
D191     ,134.96,-84.5,T,0
D192     ,110.63,-76.28,T,0
D193     ,138.95,-84.5,T,0
D194      ,106.6,-76.29,T,0
D195  ,138.95,-80.34,T,180
D196      ,102.63,-76.26,T,0
D197     ,134.96,-80.37,T,180
D198   ,98.59,-76.31,T,0
D199      ,130.97,-80.34,T,180
D200     ,94.6,-76.31,T,0
D201      ,126.89,-80.34,T,180
D202    ,90.6,-76.31,T,0
D203      ,122.63,-80.34,T,180
D204      ,86.58,-76.31,T,0
D205     ,118.52,-80.33,T,180
D206    ,86.58,-80.21,T,180
D207      ,114.62,-80.36,T,180
D208    ,90.6,-80.21,T,180
D209   ,110.63,-80.23,T,180
D210      ,94.6,-80.19,T,180
D211    ,106.6,-80.24,T,180
D212     ,98.59,-80.21,T,180
D213     ,102.63,-80.16,T,180
D214      ,98.59,-92.16,T,0
D218      ,94.6,-92.16,T,0
D222      ,90.6,-92.16,T,0
D226      ,86.58,-92.16,T,0
,79.765,-52.995,T,0
