Comment,Designator,Footprint,LCSC Part Number
APA102-2020,D17   ,LED_SMD:LED-APA102-2020,POB0202510271414841
APA102-2020,D18    ,LED_SMD:LED-APA102-2020,POB0202510271414841
APA102-2020,D19       ,LED_SMD:LED-APA102-2020,POB0202510271414841
APA102-2020,D20     ,LED_SMD:LED-APA102-2020,POB0202510271414841
APA102-2020,D26      ,LED_SMD:LED-APA102-2020,POB0202510271414841
APA102-2020,D27  ,LED_SMD:LED-APA102-2020,POB0202510271414841
APA102-2020,D28      ,LED_SMD:LED-APA102-2020,POB0202510271414841
APA102-2020,D29       ,LED_SMD:LED-APA102-2020,POB0202510271414841
APA102-2020,D30     ,LED_SMD:LED-APA102-2020,POB0202510271414841
APA102-2020,D31       ,LED_SMD:LED-APA102-2020,POB0202510271414841
APA102-2020,D32      ,LED_SMD:LED-APA102-2020,POB0202510271414841
APA102-2020,D33      ,LED_SMD:LED-APA102-2020,POB0202510271414841
APA102-2020,D34      ,LED_SMD:LED-APA102-2020,POB0202510271414841
APA102-2020,D35      ,LED_SMD:LED-APA102-2020,POB0202510271414841
APA102-2020,D36     ,LED_SMD:LED-APA102-2020,POB0202510271414841
APA102-2020,D37     ,LED_SMD:LED-APA102-2020,POB0202510271414841
APA102-2020,D38      ,LED_SMD:LED-APA102-2020,POB0202510271414841
APA102-2020,D39      ,LED_SMD:LED-APA102-2020,POB0202510271414841
APA102-2020,D40      ,LED_SMD:LED-APA102-2020,POB0202510271414841
APA102-2020,D41       ,LED_SMD:LED-APA102-2020,POB0202510271414841
APA102-2020,D42      ,LED_SMD:LED-APA102-2020,POB0202510271414841
APA102-2020,D43       ,LED_SMD:LED-APA102-2020,POB0202510271414841
APA102-2020,D44       ,LED_SMD:LED-APA102-2020,POB0202510271414841
APA102-2020,D45     ,LED_SMD:LED-APA102-2020,POB0202510271414841
APA102-2020,D46    ,LED_SMD:LED-APA102-2020,POB0202510271414841
APA102-2020,D47       ,LED_SMD:LED-APA102-2020,POB0202510271414841
APA102-2020,D48     ,LED_SMD:LED-APA102-2020,POB0202510271414841
APA102-2020,D49   ,LED_SMD:LED-APA102-2020,POB0202510271414841
APA102-2020,D50      ,LED_SMD:LED-APA102-2020,POB0202510271414841
APA102-2020,D51     ,LED_SMD:LED-APA102-2020,POB0202510271414841
APA102-2020,D52     ,LED_SMD:LED-APA102-2020,POB0202510271414841
APA102-2020,D53      ,LED_SMD:LED-APA102-2020,POB0202510271414841
APA102-2020,D54       ,LED_SMD:LED-APA102-2020,POB0202510271414841
APA102-2020,D55       ,LED_SMD:LED-APA102-2020,POB0202510271414841
APA102-2020,D56       ,LED_SMD:LED-APA102-2020,POB0202510271414841
APA102-2020,D57      ,LED_SMD:LED-APA102-2020,POB0202510271414841
APA102-2020,D58      ,LED_SMD:LED-APA102-2020,POB0202510271414841
APA102-2020,D59      ,LED_SMD:LED-APA102-2020,POB0202510271414841
APA102-2020,D60     ,LED_SMD:LED-APA102-2020,POB0202510271414841
APA102-2020,D61       ,LED_SMD:LED-APA102-2020,POB0202510271414841
APA102-2020,D62      ,LED_SMD:LED-APA102-2020,POB0202510271414841
APA102-2020,D63     ,LED_SMD:LED-APA102-2020,POB0202510271414841
APA102-2020,D64     ,LED_SMD:LED-APA102-2020,POB0202510271414841
APA102-2020,D65     ,LED_SMD:LED-APA102-2020,POB0202510271414841
APA102-2020,D66    ,LED_SMD:LED-APA102-2020,POB0202510271414841
APA102-2020,D67       ,LED_SMD:LED-APA102-2020,POB0202510271414841
APA102-2020,D68     ,LED_SMD:LED-APA102-2020,POB0202510271414841
APA102-2020,D69      ,LED_SMD:LED-APA102-2020,POB0202510271414841
APA102-2020,D70     ,LED_SMD:LED-APA102-2020,POB0202510271414841
APA102-2020,D71       ,LED_SMD:LED-APA102-2020,POB0202510271414841
APA102-2020,D72      ,LED_SMD:LED-APA102-2020,POB0202510271414841
APA102-2020,D73      ,LED_SMD:LED-APA102-2020,POB0202510271414841
APA102-2020,D74     ,LED_SMD:LED-APA102-2020,POB0202510271414841
APA102-2020,D75     ,LED_SMD:LED-APA102-2020,POB0202510271414841
APA102-2020,D76     ,LED_SMD:LED-APA102-2020,POB0202510271414841
APA102-2020,D77      ,LED_SMD:LED-APA102-2020,POB0202510271414841
APA102-2020,D78      ,LED_SMD:LED-APA102-2020,POB0202510271414841
APA102-2020,D79       ,LED_SMD:LED-APA102-2020,POB0202510271414841
APA102-2020,D80    ,LED_SMD:LED-APA102-2020,POB0202510271414841
APA102-2020,D81      ,LED_SMD:LED-APA102-2020,POB0202510271414841
APA102-2020,D82     ,LED_SMD:LED-APA102-2020,POB0202510271414841
APA102-2020,D83      ,LED_SMD:LED-APA102-2020,POB0202510271414841
APA102-2020,D84       ,LED_SMD:LED-APA102-2020,POB0202510271414841
APA102-2020,D85      ,LED_SMD:LED-APA102-2020,POB0202510271414841
APA102-2020,D86     ,LED_SMD:LED-APA102-2020,POB0202510271414841
APA102-2020,D87       ,LED_SMD:LED-APA102-2020,POB0202510271414841
APA102-2020,D88      ,LED_SMD:LED-APA102-2020,POB0202510271414841
APA102-2020,D89     ,LED_SMD:LED-APA102-2020,POB0202510271414841
APA102-2020,D90     ,LED_SMD:LED-APA102-2020,POB0202510271414841
APA102-2020,D91       ,LED_SMD:LED-APA102-2020,POB0202510271414841
APA102-2020,D92     ,LED_SMD:LED-APA102-2020,POB0202510271414841
APA102-2020,D93      ,LED_SMD:LED-APA102-2020,POB0202510271414841
APA102-2020,D94       ,LED_SMD:LED-APA102-2020,POB0202510271414841
APA102-2020,D95      ,LED_SMD:LED-APA102-2020,POB0202510271414841
APA102-2020,D96      ,LED_SMD:LED-APA102-2020,POB0202510271414841
APA102-2020,D97       ,LED_SMD:LED-APA102-2020,POB0202510271414841
APA102-2020,D98      ,LED_SMD:LED-APA102-2020,POB0202510271414841
APA102-2020,D99   ,LED_SMD:LED-APA102-2020,POB0202510271414841
APA102-2020,D100      ,LED_SMD:LED-APA102-2020,POB0202510271414841
APA102-2020,D101      ,LED_SMD:LED-APA102-2020,POB0202510271414841
APA102-2020,D102    ,LED_SMD:LED-APA102-2020,POB0202510271414841
APA102-2020,D103     ,LED_SMD:LED-APA102-2020,POB0202510271414841
APA102-2020,D104    ,LED_SMD:LED-APA102-2020,POB0202510271414841
APA102-2020,D105    ,LED_SMD:LED-APA102-2020,POB0202510271414841
APA102-2020,D106      ,LED_SMD:LED-APA102-2020,POB0202510271414841
APA102-2020,D107      ,LED_SMD:LED-APA102-2020,POB0202510271414841
APA102-2020,D108      ,LED_SMD:LED-APA102-2020,POB0202510271414841
APA102-2020,D109      ,LED_SMD:LED-APA102-2020,POB0202510271414841
APA102-2020,D110     ,LED_SMD:LED-APA102-2020,POB0202510271414841
APA102-2020,D111     ,LED_SMD:LED-APA102-2020,POB0202510271414841
APA102-2020,D112      ,LED_SMD:LED-APA102-2020,POB0202510271414841
APA102-2020,D113    ,LED_SMD:LED-APA102-2020,POB0202510271414841
APA102-2020,D114      ,LED_SMD:LED-APA102-2020,POB0202510271414841
APA102-2020,D115     ,LED_SMD:LED-APA102-2020,POB0202510271414841
APA102-2020,D116      ,LED_SMD:LED-APA102-2020,POB0202510271414841
APA102-2020,D117   ,LED_SMD:LED-APA102-2020,POB0202510271414841
APA102-2020,D118    ,LED_SMD:LED-APA102-2020,POB0202510271414841
APA102-2020,D119      ,LED_SMD:LED-APA102-2020,POB0202510271414841
APA102-2020,D120   ,LED_SMD:LED-APA102-2020,POB0202510271414841
APA102-2020,D121     ,LED_SMD:LED-APA102-2020,POB0202510271414841
APA102-2020,D122    ,LED_SMD:LED-APA102-2020,POB0202510271414841
APA102-2020,D123  ,LED_SMD:LED-APA102-2020,POB0202510271414841
APA102-2020,D124      ,LED_SMD:LED-APA102-2020,POB0202510271414841
APA102-2020,D125      ,LED_SMD:LED-APA102-2020,POB0202510271414841
APA102-2020,D126     ,LED_SMD:LED-APA102-2020,POB0202510271414841
APA102-2020,D127      ,LED_SMD:LED-APA102-2020,POB0202510271414841
APA102-2020,D128      ,LED_SMD:LED-APA102-2020,POB0202510271414841
APA102-2020,D129      ,LED_SMD:LED-APA102-2020,POB0202510271414841
APA102-2020,D130    ,LED_SMD:LED-APA102-2020,POB0202510271414841
APA102-2020,D131    ,LED_SMD:LED-APA102-2020,POB0202510271414841
APA102-2020,D132      ,LED_SMD:LED-APA102-2020,POB0202510271414841
APA102-2020,D133,LED_SMD:LED-APA102-2020,POB0202510271414841
APA102-2020,D134     ,LED_SMD:LED-APA102-2020,POB0202510271414841
APA102-2020,D135      ,LED_SMD:LED-APA102-2020,POB0202510271414841
APA102-2020,D136  ,LED_SMD:LED-APA102-2020,POB0202510271414841
APA102-2020,D137    ,LED_SMD:LED-APA102-2020,POB0202510271414841
APA102-2020,D138   ,LED_SMD:LED-APA102-2020,POB0202510271414841
APA102-2020,D139      ,LED_SMD:LED-APA102-2020,POB0202510271414841
APA102-2020,D140      ,LED_SMD:LED-APA102-2020,POB0202510271414841
APA102-2020,D141      ,LED_SMD:LED-APA102-2020,POB0202510271414841
APA102-2020,D142     ,LED_SMD:LED-APA102-2020,POB0202510271414841
APA102-2020,D143      ,LED_SMD:LED-APA102-2020,POB0202510271414841
APA102-2020,D144    ,LED_SMD:LED-APA102-2020,POB0202510271414841
APA102-2020,D145      ,LED_SMD:LED-APA102-2020,POB0202510271414841
APA102-2020,D146      ,LED_SMD:LED-APA102-2020,POB0202510271414841
APA102-2020,D147    ,LED_SMD:LED-APA102-2020,POB0202510271414841
APA102-2020,D148    ,LED_SMD:LED-APA102-2020,POB0202510271414841
APA102-2020,D149      ,LED_SMD:LED-APA102-2020,POB0202510271414841
APA102-2020,D150     ,LED_SMD:LED-APA102-2020,POB0202510271414841
APA102-2020,D151      ,LED_SMD:LED-APA102-2020,POB0202510271414841
APA102-2020,D152      ,LED_SMD:LED-APA102-2020,POB0202510271414841
APA102-2020,D153      ,LED_SMD:LED-APA102-2020,POB0202510271414841
APA102-2020,D154    ,LED_SMD:LED-APA102-2020,POB0202510271414841
APA102-2020,D155      ,LED_SMD:LED-APA102-2020,POB0202510271414841
APA102-2020,D156      ,LED_SMD:LED-APA102-2020,POB0202510271414841
APA102-2020,D157      ,LED_SMD:LED-APA102-2020,POB0202510271414841
APA102-2020,D158      ,LED_SMD:LED-APA102-2020,POB0202510271414841
APA102-2020,D159      ,LED_SMD:LED-APA102-2020,POB0202510271414841
APA102-2020,D160      ,LED_SMD:LED-APA102-2020,POB0202510271414841
APA102-2020,D161     ,LED_SMD:LED-APA102-2020,POB0202510271414841
APA102-2020,D162     ,LED_SMD:LED-APA102-2020,POB0202510271414841
APA102-2020,D163     ,LED_SMD:LED-APA102-2020,POB0202510271414841
APA102-2020,D164      ,LED_SMD:LED-APA102-2020,POB0202510271414841
APA102-2020,D165      ,LED_SMD:LED-APA102-2020,POB0202510271414841
APA102-2020,D166      ,LED_SMD:LED-APA102-2020,POB0202510271414841
APA102-2020,D167      ,LED_SMD:LED-APA102-2020,POB0202510271414841
APA102-2020,D168      ,LED_SMD:LED-APA102-2020,POB0202510271414841
APA102-2020,D169     ,LED_SMD:LED-APA102-2020,POB0202510271414841
APA102-2020,D170      ,LED_SMD:LED-APA102-2020,POB0202510271414841
APA102-2020,D171      ,LED_SMD:LED-APA102-2020,POB0202510271414841
APA102-2020,D172     ,LED_SMD:LED-APA102-2020,POB0202510271414841
APA102-2020,D173     ,LED_SMD:LED-APA102-2020,POB0202510271414841
APA102-2020,D174    ,LED_SMD:LED-APA102-2020,POB0202510271414841
APA102-2020,D175      ,LED_SMD:LED-APA102-2020,POB0202510271414841
APA102-2020,D176    ,LED_SMD:LED-APA102-2020,POB0202510271414841
APA102-2020,D177      ,LED_SMD:LED-APA102-2020,POB0202510271414841
APA102-2020,D178    ,LED_SMD:LED-APA102-2020,POB0202510271414841
APA102-2020,D179      ,LED_SMD:LED-APA102-2020,POB0202510271414841
APA102-2020,D180      ,LED_SMD:LED-APA102-2020,POB0202510271414841
APA102-2020,D181    ,LED_SMD:LED-APA102-2020,POB0202510271414841
APA102-2020,D182    ,LED_SMD:LED-APA102-2020,POB0202510271414841
APA102-2020,D183      ,LED_SMD:LED-APA102-2020,POB0202510271414841
APA102-2020,D184     ,LED_SMD:LED-APA102-2020,POB0202510271414841
APA102-2020,D185    ,LED_SMD:LED-APA102-2020,POB0202510271414841
APA102-2020,D186     ,LED_SMD:LED-APA102-2020,POB0202510271414841
APA102-2020,D187  ,LED_SMD:LED-APA102-2020,POB0202510271414841
APA102-2020,D188    ,LED_SMD:LED-APA102-2020,POB0202510271414841
APA102-2020,D189     ,LED_SMD:LED-APA102-2020,POB0202510271414841
APA102-2020,D190      ,LED_SMD:LED-APA102-2020,POB0202510271414841
APA102-2020,D191     ,LED_SMD:LED-APA102-2020,POB0202510271414841
APA102-2020,D192     ,LED_SMD:LED-APA102-2020,POB0202510271414841
APA102-2020,D193     ,LED_SMD:LED-APA102-2020,POB0202510271414841
APA102-2020,D194      ,LED_SMD:LED-APA102-2020,POB0202510271414841
APA102-2020,D195  ,LED_SMD:LED-APA102-2020,POB0202510271414841
APA102-2020,D196      ,LED_SMD:LED-APA102-2020,POB0202510271414841
APA102-2020,D197     ,LED_SMD:LED-APA102-2020,POB0202510271414841
APA102-2020,D198   ,LED_SMD:LED-APA102-2020,POB0202510271414841
APA102-2020,D199      ,LED_SMD:LED-APA102-2020,POB0202510271414841
APA102-2020,D200     ,LED_SMD:LED-APA102-2020,POB0202510271414841
APA102-2020,D201      ,LED_SMD:LED-APA102-2020,POB0202510271414841
APA102-2020,D202    ,LED_SMD:LED-APA102-2020,POB0202510271414841
APA102-2020,D203      ,LED_SMD:LED-APA102-2020,POB0202510271414841
APA102-2020,D204      ,LED_SMD:LED-APA102-2020,POB0202510271414841
APA102-2020,D205     ,LED_SMD:LED-APA102-2020,POB0202510271414841
APA102-2020,D206    ,LED_SMD:LED-APA102-2020,POB0202510271414841
APA102-2020,D207      ,LED_SMD:LED-APA102-2020,POB0202510271414841
APA102-2020,D208    ,LED_SMD:LED-APA102-2020,POB0202510271414841
APA102-2020,D209   ,LED_SMD:LED-APA102-2020,POB0202510271414841
APA102-2020,D210      ,LED_SMD:LED-APA102-2020,POB0202510271414841
APA102-2020,D211    ,LED_SMD:LED-APA102-2020,POB0202510271414841
APA102-2020,D212     ,LED_SMD:LED-APA102-2020,POB0202510271414841
APA102-2020,D213     ,LED_SMD:LED-APA102-2020,POB0202510271414841
APA102-2020,D214      ,LED_SMD:LED-APA102-2020,POB0202510271414841
APA102-2020,D218      ,LED_SMD:LED-APA102-2020,POB0202510271414841
APA102-2020,D222      ,LED_SMD:LED-APA102-2020,POB0202510271414841
APA102-2020,D226      ,LED_SMD:LED-APA102-2020,POB0202510271414841
